title,datetime,location_name,address,description,category,source_url,source_site
14th Annual Harbor Point 5K Turkey Trot Fun Run,2025-11-27T08:00,Harbor Point Square,"20 Harbor Point Road, Stamford, CT 06902",Get ready to trot your way through the 14th Annual Harbor Point 5K Turkey Trot Fun Run - it's gonna be a blast! Free for all to attend!,Sports & Fitness,https://www.eventbrite.com/e/14th-annual-harbor-point-5k-turkey-trot-fun-run-tickets-1320078683879,Eventbrite
The Crane Wives - Fall Tour 2025,2025-11-16T19:30,District Music Hall,"71 Wall Street, Norwalk, CT 06850",with Spencer LaJoye,Music,https://www.eventbrite.com/e/the-crane-wives-fall-tour-2025-tickets-1549842654099,Eventbrite
ATREYU THE CURSE TOUR,2025-11-22T19:00,District Music Hall,"71 Wall Street, Norwalk, CT 06850","with Unearth, Zero 9:36",Music,https://www.eventbrite.com/e/atreyu-the-curse-tour-tickets-1388545209099,Eventbrite
CG5 Presents: The TOO MANY SONGS Tour,2025-11-15T19:00,District Music Hall,"71 Wall Street, Norwalk, CT 06850",‎,Music,https://www.eventbrite.com/e/cg5-presents-the-too-many-songs-tour-tickets-1364385456629,Eventbrite
Dark Star Orchestra,2025-11-22T19:30,College Street Music Hall,"238 College Street, New Haven, CT 06510",An Evening with,Music,https://www.eventbrite.com/e/dark-star-orchestra-tickets-1607418414749,Eventbrite
2025 Harvard-Yale Game,2025-11-22T06:30,"Yale Bowl, Yale University, New Haven, CT","81 Central Ave, New Haven, CT 06515","Get ready for The Game: Harvard vs. Yale on Sat, Nov 22 @ 12PM in New Haven! Bus and tailgate tickets below.",Sports & Fitness,https://www.eventbrite.com/e/2025-harvard-yale-game-tickets-1871457773579,Eventbrite
2025 Ann's Place Festival of Trees,2025-11-21T12:00,The Summit at Danbury,"100 Reserve Road, Danbury, CT 06810","Help local familes facing cancer by attending the Danbury area's premiere Holiday event! Scores of decorated trees, raffle prizes, and fun!",Seasonal & Holiday,https://www.eventbrite.com/e/2025-anns-place-festival-of-trees-tickets-1512708284199,Eventbrite
Freestyle VS 90's w/DJ Jay R One,2025-11-15T20:00,The Cabaret Theatre,"1 Mohegan Sun Boulevard, Montville, CT 06382","Saturday November 15th, it's the Freestyle VS. 90's party!!  The night will be filled with the best of Freestyle music AND the best of 90's",Music,https://www.eventbrite.com/e/freestyle-vs-90s-wdj-jay-r-one-tickets-1617757408959,Eventbrite
Giant Slayers Conference 2025,2025-11-14T19:00,Rehoboth Church of God,"1170 Blue Hills Avenue, Bloomfield, CT 06002",Get ready to conquer your biggest challenges at the Giant Slayers Conference 2025 - where we'll equip you with the tools to overcome any obs,Religion & Spirituality,https://www.eventbrite.com/e/giant-slayers-conference-2025-tickets-1355200343709,Eventbrite
Legally Blonde: The Musical!,2025-11-21T19:00,New Canaan High School,"11 Farm Road, New Canaan, CT 06840","Get ready to be blown away by the sass, humor, and girl power in Legally Blonde: The Musical - a night of pure entertainment awaits!",Performing & Visual Arts,https://www.eventbrite.com/e/legally-blonde-the-musical-tickets-1867120400379,Eventbrite
Jake Minch: More George On Tour,2025-11-25T20:00,Space Ballroom,"295 Treadwell Street, Hamden, CT 06514",with Darryl Rahn,Music,https://www.eventbrite.com/e/jake-minch-more-george-on-tour-tickets-1657055811539,Eventbrite
MAX B Official Welcome Home Celebration,2025-11-29T15:00,Club Vandome,"102 Hamilton Street, New Haven, CT 06511",Big Mike The Ruler Presents : Saturday November 29th The Official MAX B  & friends Welcome Home Celebration Event . Doors Open 3pm -7pm,Music,https://www.eventbrite.com/e/max-b-official-welcome-home-celebration-tickets-1702065195819,Eventbrite
"""The Soul of America"" – Jon Meacham, author, historian",2025-12-03T18:30,Christ Church Greenwich,"254 East Putnam Avenue, Greenwich, CT 06830","Jon Meacham, Pulitzer Prize-winning author and historian, discusses his book ""The Soul of America: God, History, and the Way We Live Now.""",Religion & Spirituality,https://www.eventbrite.com/e/the-soul-of-america-jon-meacham-author-historian-tickets-1510992211379,Eventbrite
Afro-Met Soiree,2025-11-15T20:00,3155 Main St,"3155 Main Street, Hartford, CT 06120",Get ready for a night of grooving to Afrobeat tunes and mingling with fellow music lovers at our Afro-Met Soiree!,Community & Culture,https://www.eventbrite.com/e/afro-met-soiree-tickets-1777673512329,Eventbrite
JI LIVE,2025-11-21T21:00,3155 Main St,"3155 Main Street, Hartford, CT 06120",Come enjoy a great night with  J.I LIVE  ... Friday Nov 21st ... 321 Hall ... This. is a must attend event,Music,https://www.eventbrite.com/e/ji-live-tickets-1791962430869,Eventbrite
Southington High: Class of 2000 Reunion,2025-11-28T19:00,The Mountain Room at Mount Southington,"412 Mount Vernon Road, Southington, CT 06479","Get ready to party like it's 1999 at the Southington High: Class of 2000 Reunion, where memories will be made and old friends reunited!",Family & Education,https://www.eventbrite.com/e/southington-high-class-of-2000-reunion-tickets-1626462124999,Eventbrite
Toys Fore Joy 2025,2025-11-15T09:30,Tunxis Country Club,"87 Town Farm Road, Farmington, CT 06032",The Toys are back in town: Celebrate the Season at Farmington's largest Turkey Shoot & Toy Drive!,Sports & Fitness,https://www.eventbrite.com/e/toys-fore-joy-2025-registration-1758351419429,Eventbrite
Ariel Pink: With You Every Night Tour 2025,2025-11-22T20:00,Space Ballroom,"295 Treadwell Street, Hamden, CT 06514","with PAINT, Nervous City",Music,https://www.eventbrite.com/e/ariel-pink-with-you-every-night-tour-2025-tickets-1731624638909,Eventbrite
Designer Bag Bingo!,2025-11-20T19:00,Edmond Town Hall,"45 Main Street, Newtown, CT 06470",Get ready to play bingo with a twist at Designer Bag Bingo - win fabulous designer bags while having a blast to support Kind Works!,Fashion & Beauty,https://www.eventbrite.com/e/designer-bag-bingo-registration-1652847995849,Eventbrite
"DJSTRONG Charitable Fund 2nd Annual ""Together Again Event""",2025-11-29T18:00,Anthony's Ocean View,"450 Lighthouse Road, New Haven, CT 06512","Get ready to reunite at our ""Together Again Event"", where we'll eat, dance, donate, and make a positive impact!",Charity & Causes,https://www.eventbrite.com/e/djstrong-charitable-fund-2nd-annual-together-again-event-tickets-1236539425709,Eventbrite
The Hartford Men in Harmony Presents: Harmony Homecoming,2025-11-22T19:30,Sedgwick Middle School,"128 Sedgwick Road, West Hartford, CT 06107","Our 81st Annual Parade of Barbershop Quartets featuring Internationally acclaimed quartets Sunday Night Social, Greenlight, and many more!",Music,https://www.eventbrite.com/e/the-hartford-men-in-harmony-presents-harmony-homecoming-tickets-1628752686129,Eventbrite
A Ceremony of Carols,2025-11-29T19:00,The Theater of the Performing Arts,"359 Washington Street, Hartford, CT 06106","A new Christmas tradition, featuring the world premiere of Notte di Natale choreographed by Claire Kretzschmar.",Performing & Visual Arts,https://www.eventbrite.com/e/a-ceremony-of-carols-tickets-1530879404509,Eventbrite
CTData Conference 2025,2025-12-03T09:00,Hartford Marriott Downtown,"200 Columbus Boulevard, Hartford, CT 06103",CTData is back with another conference for data lovers! Join us to connect with other data folks & learn from others. All sales final!,Business & Professional,https://www.eventbrite.com/e/ctdata-conference-2025-tickets-1408816099879,Eventbrite
Nature and Humanity in 1904,2025-11-20T19:30,Woolsey Hall,"500 College Street, New Haven, CT 06511","with William Boughton, Guest Conductor. Featuring Brandon Du, Violin",Performing & Visual Arts,https://www.eventbrite.com/e/nature-and-humanity-in-1904-tickets-1488892620909,Eventbrite
ROAMER With Special Guests: Stephen Peter Rodgers & Ian Biggs,2025-11-14T19:30,Bijou Theatre,"275 Fairfield Ave, Bridgeport, CT 06604",'The American Condition' : Album Release Concert,Music,https://www.eventbrite.com/e/roamer-with-special-guests-stephen-peter-rodgers-ian-biggs-tickets-1447320427359,Eventbrite
ETERNA-Together We Rise Gala,2025-11-13T18:00,The Waters Edge at Giovanni's,"2748 Boston Post Road #Suite B, Darien, CT 06820","Join us for an evening of elegance, celebration, and community. This masquerade gala will also feature a special announcement.",Business & Professional,https://www.eventbrite.com/e/eterna-together-we-rise-gala-tickets-1729064461349,Eventbrite
Two Coyotes 25th Anniversary Gathering & Fundraiser,2025-11-15T15:00,101 Paper Mill Rd,"101 Paper Mill Road, Killingworth, CT 06419","25 years of growing wild & wise in nature! Join us for a day of connection, storytelling & play, plus an evening of music, dinner & dancing.",Charity & Causes,https://www.eventbrite.com/e/two-coyotes-25th-anniversary-gathering-fundraiser-tickets-1758191129999,Eventbrite
Barrels for a Cause,2025-11-13T18:00,Stappa Vineyard,"403 Derby Avenue, Orange, CT 06477",Join us for our  3nd annual Barrels for a Cause fundraising event! Benefiting the Beth-El Center and Rape Crisis Center of Milford,Food & Drink,https://www.eventbrite.com/e/barrels-for-a-cause-tickets-1765987178189,Eventbrite
Chamber Singers and University Singers,2025-11-23T15:00,"Veronica Hagman Concert Hall, VPAC","43 Lake Avenue Extension, Danbury, CT 06810",Chamber Singers and University Singers,Music,https://www.eventbrite.com/e/chamber-singers-and-university-singers-tickets-1556785821299,Eventbrite
Ali Siddiq: In The Shadows,2025-12-12T19:00,College Street Music Hall,"238 College Street, New Haven, CT 06510",‎,Performing & Visual Arts,https://www.eventbrite.com/e/ali-siddiq-in-the-shadows-tickets-1388233215919,Eventbrite
Meet The Ringmaster,2025-11-18T18:00,Vazzano's Four Seasons,"337 Kenyon St, Stratford, CT 06614","Come spend an evening at Vazzano's Four Seasons for their famous pasta dinner, and get to know 2026 Ringmaster, Tom McCarthy!",Performing & Visual Arts,https://www.eventbrite.com/e/meet-the-ringmaster-tickets-1711785539629,Eventbrite
Pinkshift: The Earthkeeper Tour,2025-11-14T20:00,Space Ballroom,"295 Treadwell Street, Hamden, CT 06514","with LustSickPuppy, Combat",Music,https://www.eventbrite.com/e/pinkshift-the-earthkeeper-tour-tickets-1412515494869,Eventbrite
Champagne On The Runway,2025-11-23T16:00,2 Research Dr,"2 Research Drive, Shelton, CT 06484","Get ready for an unforgettable night of luxury, fashion, and island vibes at Champagne on the Runway!",Music,https://www.eventbrite.com/e/champagne-on-the-runway-tickets-1538092368679,Eventbrite
Orchestra and Concert Chorale,2025-11-15T15:00,Veronica Hagman Concert Hall,"43 Lake Avenue Extension, Danbury, CT 06810",Orchestra and Concert Chorale,Music,https://www.eventbrite.com/e/orchestra-and-concert-chorale-tickets-1552141219169,Eventbrite
Fairfield Center Stage presents  ANNIE -- Sun  Nov 23 @ 4pm,2025-11-23T16:00,First Church Congregational,"148 Beach Road, Fairfield, CT 06824","Local community theater group Fairfield Center Stage presents the  classic musical ANNIE, featuring a cast of adults & children, Nov 14-30",Performing & Visual Arts,https://www.eventbrite.com/e/fairfield-center-stage-presents-annie-sun-nov-23-4pm-tickets-1739976820509,Eventbrite
Crossing Thresholds Annual Fall Benefit,2025-11-16T12:00,Woodway Country Club,"540 Hoyt Street, Darien, CT 06820","Join us for our Benefit: ""Save One Child, Save the World,"" an inspiring event showcasing our mission to save the world one child at a time.",Charity & Causes,https://www.eventbrite.com/e/crossing-thresholds-annual-fall-benefit-tickets-1515965566819,Eventbrite
Internal Bleeding,2025-11-16T20:00,Space Ballroom,"295 Treadwell Street, Hamden, CT 06514","with Final Resting Place, Wretched Inferno",Music,https://www.eventbrite.com/e/internal-bleeding-tickets-1740901536359,Eventbrite
We Brunch On Sundays,2025-11-16T14:00,Terminal 110,"240 Sargent Drive, New Haven, CT 06511","CT’s hottest brunch series from March - December bring you food, live entertainment and elite day party vibes !",Food & Drink,https://www.eventbrite.com/e/we-brunch-on-sundays-tickets-1716922955779,Eventbrite
"Thanksgiving Grand Buffet at Hilton Mystic, Mystic, Connecticut",2025-11-27T12:00,Hilton Mystic,"20 Coogan Boulevard, Stonington, CT 06355","Thanksgiving Grand Buffet, Hilton Mystic, November 27, 2025. Five Seatings Starting at 12 p.m. Advanced Reservations Required.",Seasonal & Holiday,https://www.eventbrite.com/e/thanksgiving-grand-buffet-at-hilton-mystic-mystic-connecticut-tickets-1758403234409,Eventbrite
Love Language (Stamford R&B Exclusive Event),2025-11-22T22:00,Tequila Escape -Stamford,"845 Canal Street, Stamford, CT 06902",There's no night out better than R&B Night! Sing your heart out to your favorite R&B hits at our 6th consecutive month selling out Stamford.,Music,https://www.eventbrite.com/e/love-language-stamford-rb-exclusive-event-tickets-1660786560309,Eventbrite
Jingle Bars Pub Crawl and Tasting,2025-12-03T17:00,Kerri Art Studio and Gallery ,"861 Main Street, Windham, CT 06226","Fa La La down Main Street, Willimantic on December 3, 2025. Tour participating pub and grub venues for a pour and a taste of holiday cheer!",Food & Drink,https://www.eventbrite.com/e/jingle-bars-pub-crawl-and-tasting-tickets-1918232106869,Eventbrite
Flights of Fancy: Holiday Edition,2025-11-20T16:30,Jack's Bar And Steakhouse,"212 College Street, New Haven, CT 06510","Downtown New Haven's premier shopping, wine and food crawl is back to kick off the holiday season! Flights of Fancy is November 20th!",Food & Drink,https://www.eventbrite.com/e/flights-of-fancy-holiday-edition-tickets-1865643603239,Eventbrite
The Aimee Mann & Ted Leo Christmas Show,2025-12-04T20:00,District Music Hall,"71 Wall Street, Norwalk, CT 06850","featuring Paul F. Tompkins, Nellie McKay & Josh Gondelman",Music,https://www.eventbrite.com/e/the-aimee-mann-ted-leo-christmas-show-tickets-1664558111119,Eventbrite
Denim Day Party,2025-11-15T15:00,Club Vandome,"102 Hamilton Street, New Haven, CT 06511",Get ready to rock your favorite denim outfit or denim with any color and dance the day away at our Denim Day Party! At Club Vandome.,Music,https://www.eventbrite.com/e/denim-day-party-tickets-1528672934899,Eventbrite
92nd Connecticut Section PGA Annual Fall Meeting,2025-11-24T08:30,Mohegan Sun,"1 Mohegan Sun Boulevard, Montville, CT 06382",92nd Connecticut Section PGA Annual Fall Meeting,Sports & Fitness,https://www.eventbrite.com/e/92nd-connecticut-section-pga-annual-fall-meeting-tickets-1825078401629,Eventbrite
Stamford Kappa League Induction Ceremony - 2025 (ETA Class),2025-11-22T11:00,Margaret Morton Government Center,"999 Broad Street, Bridgeport, CT 06604",A legacy of leadership continues! Join us Nov 22 for the Stamford Kappa League Induction Ceremony. #Stamford #FutureLeaders,Community & Culture,https://www.eventbrite.com/e/stamford-kappa-league-induction-ceremony-2025-eta-class-tickets-1816415159639,Eventbrite
UMPS Holiday Boutique,2025-11-13T17:00,United Methodist Preschool,"165 South Avenue, New Canaan, CT 06840","Get ready to kick off the holiday season with UMPS Holiday Boutique, your one-stop shop for unique gifts and festive finds!",Seasonal & Holiday,https://www.eventbrite.com/e/umps-holiday-boutique-tickets-1785585256569,Eventbrite
Boots & Bling Scholarship Fundraiser,2025-11-16T15:00,21 Concord St,"21 Concord Street, Norwalk, CT 06854","Come and saddle up with the Zetas at our Scholarship Fundraiser - a night of fun, fashion, and fundraising!",Charity & Causes,https://www.eventbrite.com/e/boots-bling-scholarship-fundraiser-tickets-1835714444319,Eventbrite
"OutPro LGBTQ Professional Networking Social - Stamford, CT",2025-11-19T17:30,Bar Rosso,"28 Spring Street, Stamford, CT 06901",Meet and connect with LGBTQ professionals and allies in Connecticut. Community has never been more critical. We are better together.,Community & Culture,https://www.eventbrite.com/e/outpro-lgbtq-professional-networking-social-stamford-ct-tickets-1715287644519,Eventbrite
Dave Hause,2025-11-20T20:00,Space Ballroom,"295 Treadwell Street, Hamden, CT 06514",with Joe Gittleman,Music,https://www.eventbrite.com/e/dave-hause-tickets-1496799871709,Eventbrite
Wellness Night 2025,2025-11-13T18:00,Cafe Aura,"45 East Center Street, Manchester, CT 06040","Wellness Night 2025: Dinner, speakers & inspiration for mind, body & spirit. 100% proceeds to Breast Friends Fund.",Health & Wellness,https://www.eventbrite.com/e/wellness-night-2025-tickets-1770191262719,Eventbrite
SLUTTY COLLEGE PJ MAYHEM,2025-11-21T20:00,3155 Main St,"3155 Main Street, Hartford, CT 06120",Get ready to party in your comfiest PJs and let loose at SLUTTY COLLEGE PJ MAYHEM – it's going down!,Other,https://www.eventbrite.com/e/slutty-college-pj-mayhem-tickets-1949625374979,Eventbrite
Arts Cafe Mystic Fall Series November 21,2025-11-21T18:30,"La Grua Center, Water Street, Stonington, CT, USA","32 Water Street, Stonington, CT 06378","An evening of Poetry and Music, headlined by our perennial favorite Wally Lamb, NEA Grant, NY Times bestseller for 2025",Performing & Visual Arts,https://www.eventbrite.com/e/arts-cafe-mystic-fall-series-november-21-tickets-1583019145879,Eventbrite
19th Annual All Black Affair,2025-11-29T15:00,Terminal 110,"240 Sargent Drive, New Haven, CT 06511","Join the New Haven Alumni Chapter of Phi Beta Sigma Fraternity, Inc. and SOEDI Inc. for our Annual Fundraiser!",Charity & Causes,https://www.eventbrite.com/e/19th-annual-all-black-affair-tickets-1689796931109,Eventbrite
Litchfield Performing Arts & Milton Music Present The Conn Artists,2025-11-23T16:00,Milton Congregational Church,"548 Milton Road, Litchfield, CT 06759","Join us for a special performance featuring The Conn Artists, a 6-man a cappella ensemble!",Performing & Visual Arts,https://www.eventbrite.com/e/litchfield-performing-arts-milton-music-present-the-conn-artists-tickets-1739629622029,Eventbrite
Latke Vodka 100 - CT's Hottest Young Jewish Adult Party (ages 21 to 39),2025-12-06T19:00,Tumble Brook Country Club,"376 Simsbury Road, Bloomfield, CT 06002",Get ready for the largest Urban Dor event yet!,Community & Culture,https://www.eventbrite.com/e/latke-vodka-100-cts-hottest-young-jewish-adult-party-ages-21-to-39-tickets-1716002292049,Eventbrite
The Disco Biscuits Fall Tour 2025,2025-12-27T20:00,College Street Music Hall,"238 College Street, New Haven, CT 06510",‎,Music,https://www.eventbrite.com/e/the-disco-biscuits-fall-tour-2025-tickets-1550024738719,Eventbrite
Natyamandala Charity Classical Indian Dance Showcase at Yale,2025-11-15T18:00,Harkness Auditorium,"333 Cedar Street, New Haven, CT 06510",Come witness the beauty and grace of classical Indian dance presented Natyamandala a Yale dance organization partnering with the community!,Performing & Visual Arts,https://www.eventbrite.com/e/natyamandala-charity-classical-indian-dance-showcase-at-yale-tickets-1755103434619,Eventbrite
Fairfield Center Stage presents  ANNIE -- Sat Nov 15 @ 5pm,2025-11-15T17:00,First Church Congregational,"148 Beach Road, Fairfield, CT 06824","Local community theater group Fairfield Center Stage presents the  classic musical ANNIE, featuring a cast of adults & children, Nov 14-30",Performing & Visual Arts,https://www.eventbrite.com/e/fairfield-center-stage-presents-annie-sat-nov-15-5pm-tickets-1738318981869,Eventbrite
Rocky Hill High School 50th Class Reunion,2025-11-29T18:00,Cafe Fiore Cromwell,"134 Berlin Road, Cromwell, CT 06416",Come celebrate 50 years since graduating from Rocky Hill High School at our in-person reunion!,School Activities,https://www.eventbrite.com/e/rocky-hill-high-school-50th-class-reunion-tickets-1419485211479,Eventbrite
2025 Sustainability Holiday Pop Up Shop: Vendor Registration by Nov. 14,2025-12-02T16:00,HAYVN,"320 Boston Post Road #Suite 180, Darien, CT 06820",Showcase your brand & products at HAYVN's 2025 Sustainability Holiday Pop Up Shop in partnership with Best of CT Moms Women’s Clothing Sale!,Seasonal & Holiday,https://www.eventbrite.com/e/2025-sustainability-holiday-pop-up-shop-vendor-registration-by-nov-14-tickets-1657745464309,Eventbrite
Spark Social Ct presents “Ignite the Night “ Launch Party!,2025-11-18T19:00,Gabriele's of Westport,"27 Powers Court, Westport, CT 06880","Join us for a night of vibes, beats, and good times at Spark Social Ct's “Ignite the Night”Your hosts Lisa & Joli",Food & Drink,https://www.eventbrite.com/e/spark-social-ct-presents-ignite-the-night-launch-party-tickets-1854621636239,Eventbrite
"Hon. Kevin Rudd, Australia's Ambassador & 26th Prime Minister | GSF2025",2025-11-18T17:30,The Mark Twain House & Museum,"351 Farmington Avenue, Hartford, CT 06105",Australia's Ambassador to the US and 26th Prime Minister Hon. Kevin Rudd joins us in conversation at the 2025 Global Security Forum Series.,Government & Politics,https://www.eventbrite.com/e/hon-kevin-rudd-australias-ambassador-26th-prime-minister-gsf2025-tickets-1767024179889,Eventbrite
Sinful Sundaze,2025-11-23T20:00,321 Sports and Bar,"3155 Main Street, Hartford, CT 06120",EVERY GYAL AH WILD OUT THIS WILL BE RAJAH WILDS FIRST TIME IN CT,Music,https://www.eventbrite.com/e/sinful-sundaze-tickets-1942309633399,Eventbrite
Dana Drzavnosti BiH i bratimljenje opcina Wethersfield-Stari Grad Sarajevo,2025-11-16T16:00,Saint Clements Castle & Marina,"1931 Portland-Cobalt Road, Portland, CT 06480","Gosti: Irfan Cengic, Nacelnik Opcine Stari Grad Sarajevo i Zeljko Komsic, Predsjedavajuci Predsjednistva Bosne i Hercegovine",Community & Culture,https://www.eventbrite.com/e/dana-drzavnosti-bih-i-bratimljenje-opcina-wethersfield-stari-grad-sarajevo-tickets-1964348895425,Eventbrite
Unidentified Anomalous Phenomena: Transparency Legislation to Space Tech,2025-11-20T17:30,Yale Science Building,"260 Whitney Avenue, New Haven, CT 06511",The Disclosure Foundation is a nonpartisan nonprofit organization dedicated to promoting government transparency on UAP.,Science & Technology,https://www.eventbrite.com/e/unidentified-anomalous-phenomena-transparency-legislation-to-space-tech-tickets-1835328229139,Eventbrite
Willimantic Elks Lodge's 9th Annual Dirty Deeds Charity Concert,2025-11-22T18:30,Willimantic Elks Lodge 1311,"198 Pleasant Street, Willimantic, CT 06226","For Those About to Rock, We SALUTE You!",Charity & Causes,https://www.eventbrite.com/e/willimantic-elks-lodges-9th-annual-dirty-deeds-charity-concert-tickets-1553406975079,Eventbrite
What?! Comedy Night @ Elbow Room,2025-11-14T20:00,The Elbow Room,"986 Farmington Avenue, West Hartford, CT 06107","Get ready to laugh until your stomach hurts at the hilarious Stand Up Comedy Show, where the jokes are as good as the drinks!",Performing & Visual Arts,https://www.eventbrite.com/e/what-comedy-night-elbow-room-tickets-1840069610739,Eventbrite
Hartford Jazz Society presents Celebrate the Holidays Fundraiser,2025-12-06T19:00,Artists Collective Inc,"1200 Albany Avenue, Hartford, CT 06112","An unforgettable evening of jazz, community, and celebration of the Hartford Jazz Society's 2nd ""Celebrating Jazz & Community"" event .",Performing & Visual Arts,https://www.eventbrite.com/e/hartford-jazz-society-presents-celebrate-the-holidays-fundraiser-tickets-1750643735539,Eventbrite
Women and the Art of Tiffany Studios: A Garden Landscape Window,2025-11-23T14:00,Lockwood-Mathews Mansion Museum,"295 West Avenue, Norwalk, CT 06850",The Lockwood-Mathews Mansion Museum will present a talk by renowned curator Alice Cooney Frelinghuysen. Light refreshments will be offered.,Performing & Visual Arts,https://www.eventbrite.com/e/women-and-the-art-of-tiffany-studios-a-garden-landscape-window-tickets-1731008636429,Eventbrite
Children's Festival of Art,2025-11-14T16:30,Imagine Nation A Museum Early Learning Center,"1 Pleasant Street, Bristol, CT 06010",Come and fuel your child's creative  spirit!,Family & Education,https://www.eventbrite.com/e/childrens-festival-of-art-tickets-1656277012129,Eventbrite
Fairfield High School Class of 2000 - 25 Year Reunion,2025-11-22T19:00,Boca Grille and Raw Bar,"2425 Morehouse Highway, Fairfield, CT 06824","Calling all Fairfield High School Class of 2000 grads - let's celebrate 25 years with a night full of memories, laughter, and catching up!",School Activities,https://www.eventbrite.com/e/fairfield-high-school-class-of-2000-25-year-reunion-tickets-1608699265809,Eventbrite
November Book Club: Broken Country by  Clare Leslie Hall,2025-11-13T19:30,Cinema Lab The Playhouse,"93 Elm Street, New Canaan, CT 06840","Join us for our November Book Club where we'll be discussing ""Broken Country"" by Clare Leslie Hall.",Hobbies & Special Interest,https://www.eventbrite.com/e/november-book-club-broken-country-by-clare-leslie-hall-tickets-1790660346299,Eventbrite
Fairfield Center Stage presents  ANNIE -- Sat Nov 29 @ 2pm,2025-11-29T14:00,First Church Congregational,"148 Beach Road, Fairfield, CT 06824","Local community theater group Fairfield Center Stage presents the  classic musical ANNIE, featuring a cast of adults & children, Nov 14-30",Performing & Visual Arts,https://www.eventbrite.com/e/fairfield-center-stage-presents-annie-sat-nov-29-2pm-tickets-1740074562859,Eventbrite
Sips & Sparks 2nd Anniversary Singles Mixer | Ages 21+ at Urban Lodge,2025-11-15T19:00,Urban Lodge Brewing - Pratt Street,"88 Pratt Street, Hartford, CT 06103","Celebrate 2 years of Sips & Sparks! A fun singles mixer with drinks, mingling & sparks at Urban Lodge Brewing in Hartford, CT",Community & Culture,https://www.eventbrite.com/e/sips-sparks-2nd-anniversary-singles-mixer-ages-21-at-urban-lodge-tickets-1721737225389,Eventbrite
Sponge,2025-12-12T20:00,Space Ballroom,"295 Treadwell Street, Hamden, CT 06514","with Soft Spot, Kimono Draggin'",Music,https://www.eventbrite.com/e/sponge-tickets-1858602282459,Eventbrite
Jimmie's Chicken Shack,2025-12-05T20:00,Space Ballroom,"295 Treadwell Street, Hamden, CT 06514","with Megaboner, The Sparkle & Fade",Music,https://www.eventbrite.com/e/jimmies-chicken-shack-tickets-1564015926739,Eventbrite
Fairfield Center Stage presents  ANNIE -- Fri Nov 21 @ 7:30pm,2025-11-21T19:30,First Church Congregational,"148 Beach Road, Fairfield, CT 06824","Local community theater group Fairfield Center Stage presents the  classic musical ANNIE, featuring a cast of adults & children, Nov 14-30",Performing & Visual Arts,https://www.eventbrite.com/e/fairfield-center-stage-presents-annie-fri-nov-21-730pm-tickets-1740272504909,Eventbrite
Sugar at the Velvet Mill! 11/22/25,2025-11-22T18:30,22 Bayview Ave,"22 Bayview Avenue, Stonington, CT 06378","Get ready for an unforgettable night as Sugar, the region’s premier band, takes the stage at the Velvet Mill in the Stonington Borough!",Food & Drink,https://www.eventbrite.com/e/sugar-at-the-velvet-mill-112225-tickets-1964567576506,Eventbrite
The Dream Syndicate,2025-12-09T20:00,Space Ballroom,"295 Treadwell Street, Hamden, CT 06514",An Evening with,Music,https://www.eventbrite.com/e/the-dream-syndicate-tickets-1411151444959,Eventbrite
New Haven IRL: Social Salon,2025-11-13T18:30,Armada Brewing,"190 River Street, New Haven, CT 06513",Real talk in a world that forgot how. A night of prompted small-group conversations that make meeting people easy and fun.,Community & Culture,https://www.eventbrite.com/e/new-haven-irl-social-salon-tickets-1871428907239,Eventbrite
Sound Meditation Concert at Patriots Park,2025-11-14T19:00,Patriots Park,"172 Lake Street, Coventry, CT 06238",The Conduit performs an indoor sound meditation at The Lodge overlooking Coventry Lake (2nd Fridays),Health & Wellness,https://www.eventbrite.com/e/sound-meditation-concert-at-patriots-park-tickets-1743077434529,Eventbrite
Del Water Gap: Chasing the Chimera World Tour,2026-01-26T20:00,College Street Music Hall,"238 College Street, New Haven, CT 06510",with Hannah Jadagu,Music,https://www.eventbrite.com/e/del-water-gap-chasing-the-chimera-world-tour-tickets-1796413313579,Eventbrite
Shwayze - The Wasted Sunset Tour,2025-11-19T20:00,Space Ballroom,"295 Treadwell Street, Hamden, CT 06514","with The Quasi Kings, Twin Fin",Music,https://www.eventbrite.com/e/shwayze-the-wasted-sunset-tour-tickets-1559891991939,Eventbrite
Fairfield Center Stage presents  ANNIE -- Fri Nov 14 @ 7:30pm (Opening),2025-11-14T19:30,First Church Congregational,"148 Beach Road, Fairfield, CT 06824","Local community theater group Fairfield Center Stage presents the  classic musical ANNIE, featuring a cast of adults & children, Nov 14-30",Performing & Visual Arts,https://www.eventbrite.com/e/fairfield-center-stage-presents-annie-fri-nov-14-730pm-opening-tickets-1735881210429,Eventbrite
Percussion Ensemble,2025-11-16T13:00,Veronica Hagman Concert Hall,"43 Lake Avenue Extension, Danbury, CT 06810",Percussion Ensemble,Music,https://www.eventbrite.com/e/percussion-ensemble-tickets-1556778509429,Eventbrite
Align & Renew,2025-11-13T18:00,Designs By Lee Inc,"129 Interlaken Road, Stamford, CT 06903","Realign your body, renew your spirit, and connect with an amazing community of women. An evening of wellness awaits!",Health & Wellness,https://www.eventbrite.com/e/align-renew-tickets-1865995054439,Eventbrite
Algernon Cadwallader,2025-12-14T20:00,Space Ballroom,"295 Treadwell Street, Hamden, CT 06514","with Gladie, Sun Organ",Music,https://www.eventbrite.com/e/algernon-cadwallader-tickets-1557530629039,Eventbrite
"Spotlight Tour | The Overland Method: ICFs, SIP Roofs, & Solar Panels",2025-11-13T16:00,Leigh Overland Architect LLC,"110 Shoreham Terrace, Fairfield, CT 06824","Join Leigh Overland, of Overland Architects, and BuildGreenCT this November for an exclusive tour of the Overland Residence.",Business & Professional,https://www.eventbrite.com/e/spotlight-tour-the-overland-method-icfs-sip-roofs-solar-panels-tickets-1781425213769,Eventbrite
2 Year Anniversary: Bodega Ball,2025-11-15T19:00,Marvin Espy Gallery of Fine Art,"308 State Street, New London, CT 06320","You are invited to an evening of art, piano, poetry, and celebration as we assist The Bodega Food Bank of New London, CT.",Performing & Visual Arts,https://www.eventbrite.com/e/2-year-anniversary-bodega-ball-tickets-1902294286419,Eventbrite
SEEDZ TO GROW,2025-11-15T17:30,254 Trumbull St,"254 Trumbull Street, Hartford, CT 06103",Antzinyopants (Antwaun K Wright) Presents “SEEDZ TO GROW” : all flowers that bloom has a seed. The growing pains of self love,Performing & Visual Arts,https://www.eventbrite.com/e/seedz-to-grow-tickets-1741048596219,Eventbrite
CE CLASS - The Complete Agent - What They Did Not Teach You In RE School,2025-11-18T09:00,Hilliard Mills,"640-642 Hilliard Street, Manchester, CT 06042",Learn all about The Complete Agent - What They Did Not Teach You In Real Estate School w/ Tammy Heeber on 11/11 - don't miss it!,Business & Professional,https://www.eventbrite.com/e/ce-class-the-complete-agent-what-they-did-not-teach-you-in-re-school-tickets-1321631247639,Eventbrite
Cannons Ball 2025,2025-11-25T18:30,Great Neck Country Club,"28 Lamphere Road, Waterford, CT 06385","Ct Cannons Awards Dinner with amazing raffles, guest speaker, dinner buffet and music by Alex Walker.",Sports & Fitness,https://www.eventbrite.com/e/cannons-ball-2025-tickets-1937601862329,Eventbrite
Chell's Charcuterie Holiday Wreath Workshop  at Westfarms,2025-11-16T13:00,Westfarms,"1500 New Britain Avenue, West Hartford, CT 06110",Welcome to Chell's Charcuterie Holiday Wreath  Workshop at Westfarms. Upper level of the Nordstrom wing between The North Face and J.Crew.,Food & Drink,https://www.eventbrite.com/e/chells-charcuterie-holiday-wreath-workshop-at-westfarms-tickets-1660026406669,Eventbrite
Dockside Brewery Sip & Pour Candle Making,2025-11-18T18:00,Dockside Brewery,"40 Bridgeport Avenue, Milford, CT 06460",Home for The Holidays,Home & Lifestyle,https://www.eventbrite.com/e/dockside-brewery-sip-pour-candle-making-tickets-1447699751929,Eventbrite
Toys Fore Joy 2025,2025-11-15T09:30,The Golf Club at Oxford Greens,"99 Country Club Drive ##1188, Oxford, CT 06478","Golf, food, drinks, and prizes all to benefit local children. Join in on the fun!",Sports & Fitness,https://www.eventbrite.com/e/toys-fore-joy-2025-tickets-1758563413509,Eventbrite
Northwest Coast Cuisine Lunch by Advanced Food Preparation,2025-11-18T12:00,Culinary Arts Center Dining Room L294,"Great Path, Manchester, CT 06040",Get ready to savor the flavors of the Northwest Coast with a delicious lunch prepared by our talented Advanced Food Preparation students!,Food & Drink,https://www.eventbrite.com/e/northwest-coast-cuisine-lunch-by-advanced-food-preparation-tickets-1556851397439,Eventbrite
Fairfield Center Stage presents  ANNIE -- Sat Nov 22 @ 7pm,2025-11-22T19:00,First Church Congregational,"148 Beach Road, Fairfield, CT 06824","Local community theater group Fairfield Center Stage presents the  classic musical ANNIE, featuring a cast of adults & children, Nov 14-30",Performing & Visual Arts,https://www.eventbrite.com/e/fairfield-center-stage-presents-annie-sat-nov-22-7pm-tickets-1739873310909,Eventbrite
Game Night: NEJA vs. Alumni & Community Social,2025-11-29T18:30,New England Jewish Academy,"300 Bloomfield Avenue, West Hartford, CT 06117",Come cheer on NEJA and our Alumni for a night of friendly competition and community fun!,Community & Culture,https://www.eventbrite.com/e/game-night-neja-vs-alumni-community-social-registration-1852447894519,Eventbrite
Ellington High School Class of 2010 Reunion,2025-11-22T13:00,Elicit Brewing Co - Manchester,"165 Adams St., Manchester, CT 06042",Join us for the EHS Class of 2010 15-year reunion!,School Activities,https://www.eventbrite.com/e/ellington-high-school-class-of-2010-reunion-tickets-1628917529179,Eventbrite
Side by Side: The Nutcracker Swings!,2025-12-05T19:30,Woolsey Hall,"500 College Street, New Haven, CT 06511","The Yale Concert Band, Yale's premier wind ensemble and the Yale Jazz Ensembles Big Band perform.",Performing & Visual Arts,https://www.eventbrite.com/e/side-by-side-the-nutcracker-swings-tickets-1747605066799,Eventbrite
Dolly Pawton Drag Bingo,2025-11-16T13:00,The Carousel Museum,"95 Riverside Avenue, Bristol, CT 06010","Get ready for a fabulous afternoon of fun at Dolly Pawton Drag Bingo, hosted by Summer Orlando, and benefitting Change a Life Dog Rescue",Charity & Causes,https://www.eventbrite.com/e/dolly-pawton-drag-bingo-tickets-1616625794269,Eventbrite
THE BLACKOUT X JUNE ARCHER'S CELEBRATION OF LIFE,2025-11-29T20:00,Hartford Marriott Downtown,"200 Columbus Boulevard, Hartford, CT 06103",THE BLACKOUT X JUNE ARCHER'S CELEBRATION of LIFE Come Together for An Epic Night of Celebration!,Community & Culture,https://www.eventbrite.com/e/the-blackout-x-june-archers-celebration-of-life-tickets-1869697859629,Eventbrite
Wreaths & Brews at Elicit Brewery,2025-11-20T18:00,Elicit Brewing Co - Danbury,"15 Backus Avenue, Danbury, CT 06810",Join us at Elicit Brewery for a fun evening of wreath-making and beer-drinking!,Food & Drink,https://www.eventbrite.com/e/wreaths-brews-at-elicit-brewery-tickets-1715890467579,Eventbrite
Homeward Bound: A Holiday Journey by Train,2025-12-07T19:00,Congregation B'nai Jacob,"75 Rimmon Road, Woodbridge, CT 06525","Join SOUND Affect for a festive musical journey filled with warmth, nostalgia, and the magic of coming home for the holidays.",Seasonal & Holiday,https://www.eventbrite.com/e/homeward-bound-a-holiday-journey-by-train-tickets-1870318526059,Eventbrite
2025 Governor's  Celebration,2025-12-04T17:30,University of Hartford,"200 Bloomfield Avenue, West Hartford, CT 06117",Guide Others Forward,Health & Wellness,https://www.eventbrite.com/e/2025-governors-celebration-tickets-1708513472789,Eventbrite
Sunday Morning,2025-11-26T20:00,Space Ballroom,"295 Treadwell Street, Hamden, CT 06514","with Scooped Up, Goalkeeper, Dethwish",Music,https://www.eventbrite.com/e/sunday-morning-tickets-1583033619169,Eventbrite
Sean Nelson Jazz Orchestra: Harry James Tribute Featuring Joshua Kauffman,2025-11-19T19:30,The Side Door ,"85 Lyme St, Old Lyme, CT 06371",The Sean Nelson Jazz Orchestra returns to the Side Door as part of their monthly residency with guest trumpeter: Joshua Kauffman,Music,https://www.eventbrite.com/e/sean-nelson-jazz-orchestra-harry-james-tribute-featuring-joshua-kauffman-tickets-1749229114369,Eventbrite
EHHS / CIBA Class of 2015 10-Year Reunion,2025-11-28T18:00,Elicit Brewing Co - Manchester,"165 Adams Street, Manchester, CT 06042","Join us for our 10-Year High School Reunion! Food, drinks, memories & fun as we reconnect and celebrate our time together.",Family & Education,https://www.eventbrite.com/e/ehhs-ciba-class-of-2015-10-year-reunion-tickets-1770873984759,Eventbrite
WHS Class of 2010 Reunion,2025-11-29T19:00,Old Town Cafe,"187 Main Street, Wethersfield, CT 06109",Hey everyone! Join us for our 15 year high school reunion. Let's reminisce on the good days and have a great night. Hope to see you there!,Family & Education,https://www.eventbrite.com/e/whs-class-of-2010-reunion-tickets-1849307351069,Eventbrite
TRAGEDY: All Metal Tribute to the Bee Gees & Beyond,2025-11-15T20:00,Space Ballroom,"295 Treadwell Street, Hamden, CT 06514",‎,Music,https://www.eventbrite.com/e/tragedy-all-metal-tribute-to-the-bee-gees-beyond-tickets-1835332883059,Eventbrite
Kennebec / Slow Meadow at Lyric Hall,2025-11-13T19:30,Lyric Hall Antiques & Conservation,"827 Whalley Avenue, New Haven, CT 06515","Lyric Hall brings you Kennebec & Lyric Hall Thursday, Nov. 13 in New Haven! Doors 7pm, Show 8:00pm, All Ages.",Performing & Visual Arts,https://www.eventbrite.com/e/kennebec-slow-meadow-at-lyric-hall-tickets-1809535502399,Eventbrite
Double Bill:  Rock Hearts & On The Trail,2025-11-22T20:00,Bijou Theatre,"275 Fairfield Ave, Bridgeport, CT 06604",Join us for an unforgettable night of New England's most celebrated Bluegrass bands!,Music,https://www.eventbrite.com/e/double-bill-rock-hearts-on-the-trail-tickets-1402239719749,Eventbrite
Celebrate Repeal Day with a Prohibition Style Cocktail Party,2025-12-05T19:00,"Madison Beach Hotel, Curio Collection by Hilton","94 West Wharf Road, Madison, CT 06443","Celebrate National Repeal Day in style at this epic Prohibition Era party! Sample 8 Prohibition-Era Cocktails, Live Band, Costume Contest!",Food & Drink,https://www.eventbrite.com/e/celebrate-repeal-day-with-a-prohibition-style-cocktail-party-tickets-1646174996729,Eventbrite
Connect With Your Loved Ones! Psychic Medium Patricia Griffin,2025-11-16T13:00,Bijou Theatre,"275 Fairfield Ave, Bridgeport, CT 06604","Patricia Griffin  is a natural-born evidential Medium . She reads with tremendous accuracy, integrity, humor, and love.",Religion & Spirituality,https://www.eventbrite.com/e/connect-with-your-loved-ones-psychic-medium-patricia-griffin-tickets-1424778082599,Eventbrite
CT Voices Presents: A Roadmap to Fully Funded Communities,2025-11-20T18:00,Cross Street AME Zion Church,"440 West Street, Middletown, CT 06457",Join us for a community conversation on how Connecticut can secure more funding for our children and families.,Charity & Causes,https://www.eventbrite.com/e/ct-voices-presents-a-roadmap-to-fully-funded-communities-tickets-1761442194019,Eventbrite
"Speed Dating Ages 40s-50s in Danbury, CT at Charter Oak Brewing",2025-11-13T19:00,Charter Oak Brewing and Taproom,"39B Shelter Rock Road, Danbury, CT 06810","Ready to meet local singles face-to-face? Join us for a fun, low-pressure evening of meaningful connections!",Community & Culture,https://www.eventbrite.com/e/speed-dating-ages-40s-50s-in-danbury-ct-at-charter-oak-brewing-tickets-1827269144199,Eventbrite
"HGF Pediatric Endocrine Education Day - Danbury, CT",2025-11-22T08:30,Best Western Danbury/Bethel - P.T. Barnum/Greenwood Room | Floor 1,"11 Stony Hill Rd, Bethel, CT 06801","HGF Pediatric Endocrine Education Day - Danbury, CT - will be held on November 22, 2025, from 8:30 AM to 12:00 PM.",Health & Wellness,https://www.eventbrite.com/e/hgf-pediatric-endocrine-education-day-danbury-ct-tickets-1730715359229,Eventbrite
Creative Playground Kids Con,2025-11-15T09:00,169 Henry St,"169 Henry Street, New Haven, CT 06511","Kids (ages 6-13) participate in hands-on fun to spark kids' creativity — Photography, Graphic Design, Videography, STEAM, AI, and more",Family & Education,https://www.eventbrite.com/e/creative-playground-kids-con-tickets-1804030346329,Eventbrite
Nick Saint: Private Elf - A Murder Mystery Dinner,2025-11-22T18:00,Twisted Vine Restaurant,"285 Main Street, Derby, CT 06418",Get ready for a night of suspense and intrigue at our  Nick Saint: Private Elf Murder Mystery Dinner - can you solve the crime?,Seasonal & Holiday,https://www.eventbrite.com/e/nick-saint-private-elf-a-murder-mystery-dinner-tickets-1606563196769,Eventbrite
Holiday Event Buffet Feast by Catering Management,2025-12-03T18:30,Culinary Arts Center Dining Room L294,"Great Path, Manchester, CT 06040",Join us for the Holiday Buffet.  A must attend dinner event to kick off your holiday season! Eat here for holiday cheer!,Food & Drink,https://www.eventbrite.com/e/holiday-event-buffet-feast-by-catering-management-tickets-1557041716689,Eventbrite
Spencer & Lynn Presents: The Beaujolais Nouveau Day Party Vol. 2!,2025-11-20T18:00,Spencer & Lynn Wine and Spirit Merchants - Downtown Mystic,"17 West Main Street, Groton, CT 06355",Celebrate Beaujolais Nouveau Day—plus Villages and Cru—at our walk-around tasting with pours from of favorite importer friends!,Food & Drink,https://www.eventbrite.com/e/spencer-lynn-presents-the-beaujolais-nouveau-day-party-vol-2-tickets-1942602298769,Eventbrite
"Coffee Date Speed Dating Ages 40s-50s in Hartford, CT at Cafe Amore",2025-11-14T19:00,Cafe Amore,"385 Main Street, Hartford, CT 06106","No swipes, just smiles! Sip coffee & spark connections with singles. Your next smile awaits! ☕✨",Community & Culture,https://www.eventbrite.com/e/coffee-date-speed-dating-ages-40s-50s-in-hartford-ct-at-cafe-amore-tickets-1744551042129,Eventbrite
Christian Sands Trio,2025-12-06T20:00,The Side Door ,"85 Lyme St, Old Lyme, CT 06371",Join us for a special night of jazz with Pianist Christian Sands and his Trio!,Music,https://www.eventbrite.com/e/christian-sands-trio-tickets-1854454837339,Eventbrite
FREESTYLE ICONS SERIES,2025-11-29T20:00,Longley's Restaurant,"249 West Main Street #Unit 8, Branford, CT 06405",Don’t miss out!! This show will be epic! Doors open at 8pm!! Show starts at 10pm!!,Performing & Visual Arts,https://www.eventbrite.com/e/freestyle-icons-series-tickets-1766532238479,Eventbrite
Paula Poundstone,2025-12-12T20:00,District Music Hall,"71 Wall Street, Norwalk, CT 06850",‎,"Film, Media & Entertainment",https://www.eventbrite.com/e/paula-poundstone-tickets-1478497910049,Eventbrite
"Speed Dating Ages 35-45 in Plainville, CT  at Transcend Beer Crafters",2025-11-17T19:00,Transcend Beer Crafters,"45 Northwest Drive #Unit A, Plainville, CT 06062","Ready to meet local singles face-to-face? Join us for a fun, low-pressure evening of meaningful connections!",Community & Culture,https://www.eventbrite.com/e/speed-dating-ages-35-45-in-plainville-ct-at-transcend-beer-crafters-tickets-1805618907759,Eventbrite
Machinal,2025-11-21T20:00,MainStage Theatre - Visual and Performing Arts Center at WCSU,"43 Lake Avenue Extension, Danbury, CT 06810",WestRep Stage at WCSU presents this performance on 11/21/25 at 8:00 PM.,Performing & Visual Arts,https://www.eventbrite.com/e/machinal-tickets-1557392475819,Eventbrite
Gilmore Girls Trivia Night,2025-11-19T18:30,Strange Brew Pub,"86 Water Street, Norwich, CT 06360","Gilmore Girls Trivia Night at Strange Brew Pub in Norwich, CT on Wednesday 11.19.25!",Other,https://www.eventbrite.com/e/gilmore-girls-trivia-night-tickets-1775475407739,Eventbrite
"Snow Moon Festival - Stonington, CT",2025-12-27T17:00,Beer'd Brewing Co. - The Mill,"22 Bayview Avenue, Stonington, CT 06378","Snow Moon Festival - A musical and art festival in Stonington, CT December 27th, 2025.",Music,https://www.eventbrite.com/e/snow-moon-festival-stonington-ct-tickets-1867180088909,Eventbrite
Veterans Recognition Dinner,2025-11-15T17:00,Frank C. Godfrey American Legion Post 12,"60 County Street, Norwalk, CT 06851",Let's honor and celebrate our veterans at a special dinner to show our gratitude for their service and sacrifice!,Community & Culture,https://www.eventbrite.com/e/veterans-recognition-dinner-tickets-1567331012249,Eventbrite
Group Reading and Dinner with Anna Raimondi,2025-12-01T18:30,"Greer Southern Table, River Street, Norwalk, CT, USA","7 River Street, Norwalk, CT 06850",Join Anna Raimondi for an unforgettable Group Reading and Sumptious Dinner at Greers Southern Table Restaurant,Religion & Spirituality,https://www.eventbrite.com/e/group-reading-and-dinner-with-anna-raimondi-tickets-1722398563469,Eventbrite
"See Celtic Harpist and Singer Aine Minogue on Sat., December 6th at 3 PM",2025-12-06T15:00,27 Plains Rd,"27 Plains Road, Windham, CT 06280","Áine Minogue (AHHN-yay) is an award-winning Celtic harpist, singer & composer of Celtic, Folk. Spiritual and New Age Music.",Performing & Visual Arts,https://www.eventbrite.com/e/see-celtic-harpist-and-singer-aine-minogue-on-sat-december-6th-at-3-pm-tickets-1734644902599,Eventbrite
"Black Singles Speed Dating Ages 30s-40s, South Norwalk, CT, Jacob's Pickles",2025-11-20T18:00,Jacob's Pickles South Norwalk,"100 North Water Street #SL0300, Norwalk, CT 06854","Meet singles in the Black community, spark real connections, and enjoy good vibes. One night, many possibilities!",Community & Culture,https://www.eventbrite.com/e/black-singles-speed-dating-ages-30s-40s-south-norwalk-ct-jacobs-pickles-tickets-1860518614259,Eventbrite
Project Graduation Auction 2026,2025-11-22T18:00,"Italian Society of Middletown, Court Street, Middletown, CT, USA","72 Court Street, Middletown, CT 06457",Join us for an exciting night of fundraising and prize winning!,School Activities,https://www.eventbrite.com/e/project-graduation-auction-2026-tickets-1648491304869,Eventbrite
﻿River of Dreams - A Billy Joel Tribute,2025-11-22T19:00,Small Batch Cellars,"37 Nettleton Avenue, North Haven, CT 06473",Join us for a night of classic Billy Joel hits!,Music,https://www.eventbrite.com/e/river-of-dreams-a-billy-joel-tribute-tickets-1469564620339,Eventbrite
""" You , Me & RNB"" Thanksgiving Night",2025-11-27T21:00,In The City,"196 Fairfield Avenue, Bridgeport, CT 06604","Get ready to groove all night long with the best RNB hits at our Thanksgiving Night event - You, Me & RNB!",Music,https://www.eventbrite.com/e/you-me-rnb-thanksgiving-night-tickets-1870829865489,Eventbrite
"Breakfast with Santa at Madison Beach Hotel, Sunday, December 7",2025-12-07T09:00,"Madison Beach Hotel, Curio Collection by Hilton","94 West Wharf Road, Madison, CT 06443","Celebrate the Holiday Season with Breakfast with Santa at Madison Beach Hotel, Madison, Connecticut",Seasonal & Holiday,https://www.eventbrite.com/e/breakfast-with-santa-at-madison-beach-hotel-sunday-december-7-tickets-1646217283209,Eventbrite
"Mystic Chamber Music Series: ""A Christmas Carol - A Candle lit Concert""""",2025-12-06T17:30,Union Baptist Church,"119 High Street, Groton, CT 06355","Follow the Ghosts of Chamber Music Past, Present and Future",Performing & Visual Arts,https://www.eventbrite.com/e/mystic-chamber-music-series-a-christmas-carol-a-candle-lit-concert-tickets-1470997506139,Eventbrite
MERRIAM: Hakuna Ma'Hanukkah - Jewish Musical Drag Comedy,2025-11-19T19:30,Sea Tea Comedy Theater,"15 Asylum Street, Hartford, CT 06103","Get into the Chanukah spirit with an unforgettable evening of laughter & celebration with Merriam Levkowitz, America's Favorite Drag Bubbie.",Performing & Visual Arts,https://www.eventbrite.com/e/merriam-hakuna-mahanukkah-jewish-musical-drag-comedy-tickets-1928830998439,Eventbrite
Isaiah J. Thompson Quartet,2025-11-21T20:00,The Side Door ,"85 Lyme St, Old Lyme, CT 06371",Join us for a special night of jazz with Pianist Isaiah J. Thompson and his Quartet!,Music,https://www.eventbrite.com/e/isaiah-j-thompson-quartet-tickets-1777978273879,Eventbrite
Storm Engine Company 174th Annual Firemen's Ball,2025-11-28T18:30,Birchwoods Banquet Facility,"1027 Racebrook Road, Woodbridge, CT 06525","Join us for our 174th annual firemen's ball! Buffet dinner, Dj, and cash bar (beer, soda and wine included.)",Uncategorized,https://www.eventbrite.com/e/storm-engine-company-174th-annual-firemens-ball-tickets-1770294320969,Eventbrite
The Healing Stage,2025-11-14T18:00,Semilla Cafe + Studio,"1283 Main Street, Hartford, CT 06103","An evening where honesty unfolds, where art breathes, and soul heals.",Performing & Visual Arts,https://www.eventbrite.com/e/the-healing-stage-registration-1849675773029,Eventbrite
CCBJ's 7th Annual Women in Business & Law (WIBL),2025-12-04T08:00,DoubleTree by Hilton Stamford,"1 First Stamford Place, Stamford, CT 06902","Join us for our 7th Annual Women in Business & Law event, where we celebrate and empower badass women making waves in their industries!",Business & Professional,https://www.eventbrite.com/e/ccbjs-7th-annual-women-in-business-law-wibl-tickets-1478584178079,Eventbrite
"Earl MacDonald's ""Black Square Ensemble""",2025-11-14T19:30,The River Room,"50 Riverside Drive, Willimantic, CT 06226","Earl MacDonald’s Black Square Ensemble unites opera, jazz & global sounds in poetic works confronting climate, justice & the human condition",Music,https://www.eventbrite.com/e/earl-macdonalds-black-square-ensemble-tickets-1820370670679,Eventbrite
"Dueling Pianos ft Savage Pianos at Madison Beach Hotel, Madison, CT",2025-11-28T20:00,"Madison Beach Hotel, Curio Collection by Hilton","94 West Wharf Road, Madison, CT 06443",Dueling Pianos by Savage Piano Troupe. Join us at Madison Beach Hotel for a engaging and fantastically fun evening!,Music,https://www.eventbrite.com/e/dueling-pianos-ft-savage-pianos-at-madison-beach-hotel-madison-ct-tickets-1591580392799,Eventbrite
Sip and Sign at Haley Mansion,2025-11-20T17:00,Inn at Mystic,"3 Williams Avenue, Stonington, CT 06355","Come join  for an evening meeting and purchasing books from  authors ,  signed  copies, sipping  prosecco and nibbling on local light bites.",Other,https://www.eventbrite.com/e/sip-and-sign-at-haley-mansion-tickets-1781317772409,Eventbrite
Adam Ray: WHO IS ME Tour,2026-01-18T19:00,College Street Music Hall,"238 College Street, New Haven, CT 06510",‎,Performing & Visual Arts,https://www.eventbrite.com/e/adam-ray-who-is-me-tour-tickets-1708762888799,Eventbrite
Girls are drugs,2025-11-23T09:00,2280 Main St,"2280 Main Street, Hartford, CT 06120",Come join us for a night of empowerment and fun celebrating the intoxicating power of being a girl at Girls are Drugs event!,Food & Drink,https://www.eventbrite.com/e/girls-are-drugs-tickets-1732261724449,Eventbrite
French & Creole Lunch by International Foods and Advanced Food Preparation,2025-12-02T12:00,Culinary Arts Center Dining Room L294,"Great Path, Manchester, CT 06040",Get ready to taste a fusion of flavors and spices in a cozy setting where French and Creole cuisine meet for a delicious lunch experience.,Food & Drink,https://www.eventbrite.com/e/french-creole-lunch-by-international-foods-and-advanced-food-preparation-tickets-1556796854299,Eventbrite
The Heavy Heavy,2025-12-13T20:00,Space Ballroom,"295 Treadwell Street, Hamden, CT 06514",with Laney Jones and the Spirits,Music,https://www.eventbrite.com/e/the-heavy-heavy-tickets-1685374393179,Eventbrite
CT Preservation Action Annual Meeting,2025-11-18T15:00,The Elm City Club,"155 Elm Street, New Haven, CT 06511","Join us as we review key accomplishments, conduct essential business, and discuss priorities for the upcoming legislative sessions.",Community & Culture,https://www.eventbrite.com/e/ct-preservation-action-annual-meeting-tickets-1962430159434,Eventbrite
EMO Night: Black Friday Parade,2025-11-28T21:00,Strange Brew Pub,"86 Water Street, Norwich, CT 06360","Team Cat Events presents EMO Night: Black Friday Parade at Strange Brew Pub in Norwich, CT on Friday 11.28.25!",Music,https://www.eventbrite.com/e/emo-night-black-friday-parade-tickets-1775170816699,Eventbrite
Making Sense of Numbers: Analyze Quantitative Data (New Haven),2025-11-20T09:30,United Way of Greater New Haven,"370 James Street #403, New Haven, CT 06513",Confidently analyze and interpret numerical data to gain insights and make data-driven decisions.,Business & Professional,https://www.eventbrite.com/e/making-sense-of-numbers-analyze-quantitative-data-new-haven-tickets-1657708884899,Eventbrite
Holiday Cookie Decorating Class,2025-12-11T18:00,"Taylor Brooke Winery, Connecticut 171, Woodstock, CT, USA","818 Connecticut 171, Woodstock, CT 06281","Learn to decorate beautiful sugar cookies, and enjoy a delicious glass of wine from Taylor Brooke Winery while you work!",Food & Drink,https://www.eventbrite.com/e/holiday-cookie-decorating-class-tickets-1542481506709,Eventbrite
HOW TO BE A FESTIVE SOUL w/ DUSTIN PARI,2025-11-20T18:00,Torrington Library,"12 Daycoeton Place, Torrington, CT 06790","The title says it all! If you are struggling with the holiday blues and are looking for a little yuletide boost, this is the lecture for you",Religion & Spirituality,https://www.eventbrite.com/e/how-to-be-a-festive-soul-w-dustin-pari-tickets-1097352925139,Eventbrite
Tech and Business Networking | Elevating Your Potential - Hartford,2025-11-19T18:00,Black-Eyed Sally's Southern Kitchen & Bar,"350 Asylum Street, Hartford, CT 06103","Strive welcomes you to 'Tech and Business Networking', an event for tenured and newcomers at Sally's! Event is 21+. Limited Tickets.",Business & Professional,https://www.eventbrite.com/e/tech-and-business-networking-elevating-your-potential-hartford-tickets-1478703314419,Eventbrite
Modern Refuge / Xavier Serrano,2025-11-15T19:00,Small Batch Cellars,"37 Nettleton Avenue, North Haven, CT 06473",Join us is welcoming Modern Refuge & Xavier Serrano to Small Batch Cellars,Music,https://www.eventbrite.com/e/modern-refuge-xavier-serrano-tickets-1730707886879,Eventbrite
✨ An Evening of Spirit & Gratitude with Spiritual Medium Terry Marotta ✨,2025-11-20T18:30,Designs By Lee Inc,"129 Interlaken Road, Stamford, CT 06903",Get ready for an unforgettable evening filled with connections to the other side with Spiritual Medium Terry Marotta!,Religion & Spirituality,https://www.eventbrite.com/e/an-evening-of-spirit-gratitude-with-spiritual-medium-terry-marotta-tickets-1743936654479,Eventbrite
BLACK FRIDAY AFFAIR,2025-11-28T18:00,The Cellar on Treadwell,"295 Treadwell Street #building h, Hamden, CT 06514",Full Blast Booking presents: the BLACK FRIDAY AFFAIR ft the hottest indie artists in the region!,Charity & Causes,https://www.eventbrite.com/e/black-friday-affair-tickets-1680079305429,Eventbrite
Mystic Dead- Grateful For (Day Before Thanksgiving),2025-11-26T19:00,Small Batch Cellars,"37 Nettleton Avenue, North Haven, CT 06473",Good Ol’ Grateful Dead music played by some of Connecticut finest.,Music,https://www.eventbrite.com/e/mystic-dead-grateful-for-day-before-thanksgiving-tickets-1684607389049,Eventbrite
Malie Donn Hartford,2025-12-07T17:00,United Banquet Hall,"2964 Main Street, Hartford, CT 06120",Malie Donn Performing Live,Performing & Visual Arts,https://www.eventbrite.com/e/malie-donn-hartford-tickets-1685828822389,Eventbrite
Board Game Speed Dating - Lyman Orchards - Middlefield CT (Ages 25-39),2025-11-15T18:00,1741 Pub and Grill,"72 Lyman Road, Middlefield, CT 06455",Finding someone can be painful. But board games are always awesome. So what if you combined board games and searching for a partner?,Hobbies & Special Interest,https://www.eventbrite.com/e/board-game-speed-dating-lyman-orchards-middlefield-ct-ages-25-39-tickets-1766805896999,Eventbrite
"Speed Dating Ages 25-35 in Wallingford, CT at Paradise Hills Vineyard",2025-11-26T17:30,Paradise Hills Vineyard & Winery,"15 Windswept Hill Road, Wallingford, CT 06492","Ready to meet local singles face-to-face? Join us for a fun, low-pressure evening of meaningful connections!",Community & Culture,https://www.eventbrite.com/e/speed-dating-ages-25-35-in-wallingford-ct-at-paradise-hills-vineyard-tickets-1895593243419,Eventbrite
General Business Networking | Elevating Your Potential - Hartford,2025-11-19T18:00,Black-Eyed Sally's Southern Kitchen & Bar,"350 Asylum Street, Hartford, CT 06103","Strive welcomes you to 'General Business Networking',an event for tenured and newcomers at Sally's! Event is 21+. Limited Tickets.",Business & Professional,https://www.eventbrite.com/e/general-business-networking-elevating-your-potential-hartford-tickets-1478822310339,Eventbrite
Fairfield Center Stage presents  ANNIE -Thur Nov13 @7pm PREVIEW- ALL tix$20,2025-11-13T19:00,First Church Congregational,"148 Beach Road, Fairfield, CT 06824","Local community theater group Fairfield Center Stage presents the  classic musical ANNIE, featuring a cast of adults & children, Nov 14-30",Performing & Visual Arts,https://www.eventbrite.com/e/fairfield-center-stage-presents-annie-thur-nov13-7pm-preview-all-tix20-tickets-1740488500959,Eventbrite
Swiftie Experience,2025-11-23T10:00,Bijou Theatre,"275 Fairfield Ave, Bridgeport, CT 06604",✨ Calling all Swifties! ✨,Music,https://www.eventbrite.com/e/swiftie-experience-tickets-1549745593789,Eventbrite
CE CLASS - Code of Ethics w/ Liz Doll 11/18 @ 1 PM - 4 PM,2025-11-18T13:00,Hilliard Mills,"640-642 Hilliard Street, Manchester, CT 06042",Learn all about Code of Ethics w/ Liz Doll 11/18 @ 1 PM - 4 PM - don't miss it!,Business & Professional,https://www.eventbrite.com/e/ce-class-code-of-ethics-w-liz-doll-1118-1-pm-4-pm-tickets-1505254519789,Eventbrite
Danceland,2025-12-20T15:00,84 Iranistan Ave,"84 Iranistan Avenue, Bridgeport, CT 06604",The Stage is set. The dancers are ready. Are you? DANCELAND 2025 by Rising Starz Dance Studio! It is going down Dec 20th. Food will be sold.,Performing & Visual Arts,https://www.eventbrite.com/e/danceland-tickets-1722528712749,Eventbrite
For The Culture Sneaker Convention,2025-12-06T12:00,Insports Centers,"29 Trefoil Drive, Trumbull, CT 06611","Welcome to the For The Culture Sneaker Convention!  Hundreds of people buying, selling, and trading sneakers, clothing, and more!",Other,https://www.eventbrite.com/e/for-the-culture-sneaker-convention-tickets-1730970121229,Eventbrite
Pressed Flower Class,2025-11-20T18:00,Connecticut Valley Brewing Company,"765 Sullivan Avenue, South Windsor, CT 06074","Learn how to press flowers to make lasting art. Create
beautiful one of a kind ornaments using the natural colors
from nature.",Hobbies & Special Interest,https://www.eventbrite.com/e/pressed-flower-class-tickets-1754345577849,Eventbrite
"Southington, CT - Little Mania Mini Wrestling @Cadillac Ranch",2025-12-11T20:00,45 Jude Ln,"45 Jude Lane, Southington, CT 06489","""The Shortest Fight of them All!"" Little People Flying Fists  Match Trash Can Slams Cheese Graters Slap Ladder Dives OH MY GOD tiny hands",Performing & Visual Arts,https://www.eventbrite.com/e/southington-ct-little-mania-mini-wrestling-cadillac-ranch-tickets-1737367104779,Eventbrite
"The Comedy Lounge at Sage and Salt - Friday, November 14,  2025",2025-11-14T20:00,Sage and Salt,"26 Commons Drive, Litchfield, CT 06759",Enjoy a night of laughs at Litchfield’s Sage and Salt with some of the country’s best comics!,Performing & Visual Arts,https://www.eventbrite.com/e/the-comedy-lounge-at-sage-and-salt-friday-november-14-2025-tickets-1810905871209,Eventbrite
2025 Christmas Market: Champagne Preview Party,2025-11-20T18:00,Trinity Church on the Green,"230 Temple Street, New Haven, CT 06511","Come mingle, nibble, and shop early!",Charity & Causes,https://www.eventbrite.com/e/2025-christmas-market-champagne-preview-party-tickets-1501902704419,Eventbrite
PUFF N PAINT,2025-11-19T18:00,Elicit Brewing Co - Manchester,"165 Adams Street, Manchester, CT 06042",Join us for a chill night of puffing on some good stuff and getting creative with paint - it's gonna be lit!,Performing & Visual Arts,https://www.eventbrite.com/e/puff-n-paint-tickets-1866145915669,Eventbrite
Christmas Cookie Decorating @ Dockside Brewery,2025-12-01T18:30,Dockside Brewery,"40 Bridgeport Avenue, Milford, CT 06460",Get into the holiday spirit with a step-by-step Christmas cookie decorating class led by NM Sweets!,Seasonal & Holiday,https://www.eventbrite.com/e/christmas-cookie-decorating-dockside-brewery-tickets-1954149526839,Eventbrite
"Speed Dating Ages 40s-50s in Redding, CT at Milestone",2025-11-18T19:00,Milestone,"2 Main Street, Redding, CT 06896","Ready to meet local singles face-to-face? Join us for a fun, low-pressure evening of meaningful connections!",Community & Culture,https://www.eventbrite.com/e/speed-dating-ages-40s-50s-in-redding-ct-at-milestone-tickets-1839571159859,Eventbrite
Silverman's Farm Apple Picking,2025-11-15T14:00,Silverman's Farm,"451 Sport Hill Road, Easton, CT 06612","Join us for a fun-filled day at Silverman’s Farm, where adventure and nature come together! Meet friendly animals at the petting zoo, enjoy",Uncategorized,https://www.eventbrite.com/e/silvermans-farm-apple-picking-tickets-1965423140521,Eventbrite
TEDxProspect Hill 2025 - WHAT IF?,2025-12-14T16:00,The Foote School,"50 Loomis Place, New Haven, CT 06511","TEDxProspect Hill explores “What If?”—bringing New Haven voices together to spark dialogue, amplify ideas & reimagine systems.",Community & Culture,https://www.eventbrite.com/e/tedxprospect-hill-2025-what-if-tickets-1754118689219,Eventbrite
"Speed Dating Ages 50s in Derby, CT at Tipsy Tomato",2025-11-20T18:00,Tipsy Tomato Bar and Pizzeria,"656 New Haven Avenue, Derby, CT 06418","Ready to meet local singles face-to-face? Join us for a fun, low-pressure evening of meaningful connections!",Community & Culture,https://www.eventbrite.com/e/speed-dating-ages-50s-in-derby-ct-at-tipsy-tomato-tickets-1839839592749,Eventbrite
CRUSH DAVE MATTHEWS TRIBUTE,2025-11-15T20:30,Cast Iron Chef Pizza & Bar Seymour,"15 Klarides Village Drive, Seymour, CT 06483",Come join us for a night of rocking out to the music of Dave Matthews.,Performing & Visual Arts,https://www.eventbrite.com/e/crush-dave-matthews-tribute-tickets-1618832584839,Eventbrite
Kocky Ka Live,2025-11-26T22:00,203 Lounge,"9 Phoenix Avenue, Waterbury, CT 06702",Wednesday Nov 26TH  We celebrate thanksgiving eve with live performances by kocky ka Music powered by DJ perfect,Music,https://www.eventbrite.com/e/kocky-ka-live-tickets-1947074435049,Eventbrite
Mexican Cultural Celebration: Inauguration of Savings and Credit Coop.,2025-11-15T03:00,Whitneyville Cultural Commons,"1253 Whitney Avenue, Hamden, CT 06517",¡Celebra con nosotros la inauguración de nuestra Cooperativa de Ahorro y Crédito en la Feria Mexicana!,Community & Culture,https://www.eventbrite.com/e/mexican-cultural-celebration-inauguration-of-savings-and-credit-coop-tickets-1461877016509,Eventbrite
Steve Nelson Quartet,2025-11-14T20:00,The Side Door ,"85 Lyme St, Old Lyme, CT 06371",Join us for a special night of jazz with Vibraphonist Steve Nelson and his Quartet!,Music,https://www.eventbrite.com/e/steve-nelson-quartet-tickets-1744004788269,Eventbrite
Holiday Wreath Making Workshop,2025-12-04T18:30,"Reverie Brewing Company, Church Hill Road, Newtown, CT, USA","57B Church Hill Road, Newtown, CT 06470",Join us for a fun and creative session where you'll learn how to design and make your own beautiful wreath from scratch!,Hobbies & Special Interest,https://www.eventbrite.com/e/holiday-wreath-making-workshop-tickets-1910590149569,Eventbrite
Steve Davis Quintet Featuring Abena Koomson-Davis,2025-11-28T20:00,The Side Door ,"85 Lyme St, Old Lyme, CT 06371",Join us for a special night of jazz with Trombonist Steve Davis and his Quintet!,Music,https://www.eventbrite.com/e/steve-davis-quintet-featuring-abena-koomson-davis-tickets-1841899343519,Eventbrite
Grateful to Grow: A Mindful Mastermind for Women Leaders in RE,2025-11-17T09:45,409 Canal St,"409 Canal Street, Southington, CT 06479","Where gratitude meets growth — for women in real estate who lead, inspire, and want to realign with purpose to set goals for 2026.",Business & Professional,https://www.eventbrite.com/e/grateful-to-grow-a-mindful-mastermind-for-women-leaders-in-re-tickets-1956512093339,Eventbrite
Ultimate Michael Jackson Experience - Joby Rogers,2025-12-20T20:00,Bijou Theatre,"275 Fairfield Ave, Bridgeport, CT 06604",Celebrate the music and dancing of the legendary ‘King of Pop’!  Joby Rogers is the essential Michael Jackson Tribute Show.,Music,https://www.eventbrite.com/e/ultimate-michael-jackson-experience-joby-rogers-tickets-1716002312109,Eventbrite
Cocktails & Crafts: Holiday Wreath Making with WeHa Candle Co.,2025-12-07T13:00,Parkville Market,"1400 Park Street, Hartford, CT 06106",Looking to get crafty this holiday season? Join us at Parkville Market for a Holiday Wreath Making Class!  Limited seats available!,Seasonal & Holiday,https://www.eventbrite.com/e/cocktails-crafts-holiday-wreath-making-with-weha-candle-co-tickets-1858694297679,Eventbrite
Breakfast with Santa and Stew’s Costumed Characters,2025-12-13T10:30,Stew Leonard's of Newington,"3475 Berlin Turnpike, Newington, CT 06111",Families are invited to have breakfast with Santa and his friends!,Seasonal & Holiday,https://www.eventbrite.com/e/breakfast-with-santa-and-stews-costumed-characters-tickets-1946639403859,Eventbrite
"Speed Dating Ages 60s in New Haven, CT at RAWA",2025-12-14T19:00,"RAWA Mediterranean Fusion, Middle Eastern Food, Pizza Place","838 Whalley Avenue, New Haven, CT 06515","Ready to meet local singles face-to-face? Join us for a fun, low-pressure evening of meaningful connections!",Community & Culture,https://www.eventbrite.com/e/speed-dating-ages-60s-in-new-haven-ct-at-rawa-tickets-1474789538209,Eventbrite
Toxicity by System Of A Down album tribute night,2025-11-29T20:30,Strange Brew Pub,"86 Water Street, Norwich, CT 06360","Toxicity by System Of A Down album tribute night at Strange Brew Pub in Norwich, CT on Saturday 11.29.25!",Music,https://www.eventbrite.com/e/toxicity-by-system-of-a-down-album-tribute-night-tickets-1775164979239,Eventbrite
Midget Mayhem All Stars Wrestling is Back!  Southington CT  21+,2025-12-11T20:00,Cadillac Ranch Restaurant,"45 Jude Lane, Southington, CT 06489","MIDGET MAYHEM WRESTLING & BRAWLING!  MINI-PUNCHES, KICKS, BODY SLAMS LIVE IN SOUTHINGTON, CONNECTICUT!",Performing & Visual Arts,https://www.eventbrite.com/e/midget-mayhem-all-stars-wrestling-is-back-southington-ct-21-tickets-1658107737879,Eventbrite
Cookies & Storytime with Mrs. Claus at Madison Beach Hotel,2025-12-07T13:00,"Madison Beach Hotel, Curio Collection by Hilton","94 West Wharf Road, Madison, CT 06443","Cookies, Hot Cocoa and Holiday Stories with Mrs. Claus at Madison Beach Hotel, Curio Collection by Hilton, Sun, Dec 7. Family Friendly",Seasonal & Holiday,https://www.eventbrite.com/e/cookies-storytime-with-mrs-claus-at-madison-beach-hotel-tickets-1646215989339,Eventbrite
JEWELRY BROKEN to BEAUTIFUL w/ Vanessa Fasanella,2025-11-13T17:30,Torrington Library,"12 Daycoeton Place, Torrington, CT 06790",No experience necessary. Join Vanessa in reviving old and damaged jewelry.,Hobbies & Special Interest,https://www.eventbrite.com/e/jewelry-broken-to-beautiful-w-vanessa-fasanella-tickets-1097343707569,Eventbrite
Fairfield Center Stage presents  ANNIE -- Sun Nov 30 @ 4pm (Closing Perf),2025-11-30T16:00,First Church Congregational,"148 Beach Road, Fairfield, CT 06824","Local community theater group Fairfield Center Stage presents the  classic musical ANNIE, featuring a cast of adults & children, Nov 14-30",Performing & Visual Arts,https://www.eventbrite.com/e/fairfield-center-stage-presents-annie-sun-nov-30-4pm-closing-perf-tickets-1740323517489,Eventbrite
Holiday Wreath Workshop,2025-11-30T13:00,The Green Petal,"908 South Meriden Road Suite 8, Cheshire, CT 06410",Join us for a Festive Wreath making Workshop hosted by the Green Petal in our  workshop space in Cheshire!,Seasonal & Holiday,https://www.eventbrite.com/e/holiday-wreath-workshop-tickets-1849609635209,Eventbrite
Harnessing the Power of Local Climate Action in CT,2025-11-14T11:00,Lyceum Resource & Conference,"227 Lawrence Street, Hartford, CT 06106","Join us for the launch of the Clean Energy Action Center—a new, free online tool to help towns and cities take climate action",Community & Culture,https://www.eventbrite.com/e/harnessing-the-power-of-local-climate-action-in-ct-tickets-1815301017209,Eventbrite
"Speed Dating Ages 30-45 in New Haven, CT at The Bar at Firehouse 12",2025-11-23T19:00,Firehouse 12,"45 Crown Street, New Haven, CT 06510","Ready to meet local singles face-to-face? Join us for a fun, low-pressure evening of meaningful connections!",Community & Culture,https://www.eventbrite.com/e/speed-dating-ages-30-45-in-new-haven-ct-at-the-bar-at-firehouse-12-tickets-1860892833559,Eventbrite
Boxwood Tree Workshop,2025-11-23T13:00,Smith's Acres Llc,"4 West Main Street, East Lyme, CT 06357",Get your hands dirty and join us for a fun-filled workshop where you'll learn the art of creating beautiful boxwood trees from scratch!,Hobbies & Special Interest,https://www.eventbrite.com/e/boxwood-tree-workshop-tickets-1797101682509,Eventbrite
